Trait,Sample,2015,2016,2017,Average
oil_content,NJAU_C066,20.44,18.9,21.09,20.14333333
oil_content,NJAU_C116,20.48,19.16,21.57,20.40333333
oil_content,NJAU_C151,19.57,21.76,23,21.44333333
oil_content,NJAU_C157,20.79,20.54,21.99,21.10666667
