Trait,Sample,2015,2016,2017,Average
oil_content,NJAU_C027,13.42,11.82,13.79,13.01
oil_content,NJAU_C034,10.13,13.84,15.01,12.99333333
oil_content,NJAU_C043,13.01,13.11,NA,13.06
oil_content,NJAU_C047,11,10.99,13.3,11.76333333
oil_content,NJAU_C054,12.35,11.56,11.24,11.71666667
oil_content,NJAU_C089,10.31,12.1,14.35,12.25333333
oil_content,NJAU_C090,11.02,12.63,13.42,12.35666667
oil_content,NJAU_C201,11.04,12.13,12.23,11.8
