,Sample,2015,2016,2017,Average
25,NJAU_C027,13.42,11.82,13.79,13.01
32,NJAU_C034,10.13,13.84,15.01,12.99333333
40,NJAU_C043,13.01,13.11,,13.06
44,NJAU_C047,11.0,10.99,13.3,11.76333333
51,NJAU_C054,12.35,11.56,11.24,11.71666667
86,NJAU_C089,10.31,12.1,14.35,12.25333333
87,NJAU_C090,11.02,12.63,13.42,12.35666667
193,NJAU_C201,11.04,12.13,12.23,11.8
