,Sample,2015,2016,2017,Average
122,NJAU_C126,37.75,40.61,37.95,38.77
159,NJAU_C165,36.15,39.5,38.89,38.18
194,NJAU_C202,38.25,38.24,39.33,38.60666667
207,NJAU_C216,36.35,38.85,37.25,37.48333333
