,Sample,2015,2016,2017,Average
49,NJAU_C052,22.67,19.98,23.12,21.92333333
73,NJAU_C076,21.72,19.88,24.95,22.18333333
152,NJAU_C158,22.17,19.83,19.42,20.47333333
194,NJAU_C202,23.53,19.81,22.7,22.01333333
207,NJAU_C216,23.94,18.93,21.48,21.45
