,Sample,2015,2016,2017,Average
58,NJAU_C061,15.49,21.4,15.03,17.30666667
137,NJAU_C143,18.35,13.41,20.55,17.43666667
146,NJAU_C152,20.83,14.4,18.12,17.78333333
156,NJAU_C162,22.29,17.19,18.63,19.37
