,Sample,2015,2016,2017,Average
8,NJAU_C009,48.93,49.29,48.82,49.01333333
38,NJAU_C040,47.53,49.84,48.54,48.63666667
46,NJAU_C049,50.02,47.53,48.4,48.65
56,NJAU_C059,47.83,47.71,48.08,47.87333333
65,NJAU_C068,49.92,48.14,46.28,48.11333333
86,NJAU_C089,50.08,47.51,46.45,48.01333333
171,NJAU_C178,47.23,50.3,48.98,48.83666667
