,Sample,2015,2016,2017,Average
51,NJAU_C054,35.79,35.44,40.93,37.38666667
86,NJAU_C089,41.24,33.29,35.85,36.79333333
