,Sample,2015,2016,2017,Average
25,NJAU_C027,32.58,34.83,36.74,34.71666667
32,NJAU_C034,42.0,30.14,36.06,36.06666667
34,NJAU_C036,36.37,30.19,33.77,33.44333333
40,NJAU_C043,35.48,31.41,,33.445
44,NJAU_C047,36.87,35.23,35.74,35.94666667
67,NJAU_C070,35.65,32.36,37.11,35.04
87,NJAU_C090,37.12,28.9,36.5,34.17333333
166,NJAU_C173,33.44,35.82,36.16,35.14
169,NJAU_C176,32.75,30.96,36.55,33.42
